-- phpMyAdmin SQL Dump
-- version 5.2.0
-- https://www.phpmyadmin.net/
--
-- Host: localhost
-- Generation Time: Jan 08, 2024 at 11:43 AM
-- Server version: 10.4.27-MariaDB
-- PHP Version: 8.1.12

SET SQL_MODE = "NO_AUTO_VALUE_ON_ZERO";
START TRANSACTION;
SET time_zone = "+00:00";


/*!40101 SET @OLD_CHARACTER_SET_CLIENT=@@CHARACTER_SET_CLIENT */;
/*!40101 SET @OLD_CHARACTER_SET_RESULTS=@@CHARACTER_SET_RESULTS */;
/*!40101 SET @OLD_COLLATION_CONNECTION=@@COLLATION_CONNECTION */;
/*!40101 SET NAMES utf8mb4 */;

--
-- Database: `olapp`
--

-- --------------------------------------------------------

--
-- Table structure for table `AppUsers`
--

CREATE TABLE `AppUsers` (
  `Id` int(11) NOT NULL,
  `username` varchar(50) NOT NULL,
  `password` varchar(50) NOT NULL,
  `usertype` int(11) NOT NULL
) ENGINE=InnoDB DEFAULT CHARSET=utf8mb4 COLLATE=utf8mb4_general_ci;

--
-- Dumping data for table `AppUsers`
--

INSERT INTO `AppUsers` (`Id`, `username`, `password`, `usertype`) VALUES
(1, 'admin', 'admin', 1),
(2, 'secretary', 'secretary', 2);

-- --------------------------------------------------------

--
-- Table structure for table `Client`
--

CREATE TABLE `Client` (
  `id` bigint(20) NOT NULL,
  `name` varchar(70) DEFAULT NULL,
  `gender` varchar(11) DEFAULT NULL,
  `email` varchar(70) DEFAULT NULL,
  `birthdate` varchar(70) DEFAULT NULL,
  `province` varchar(20) DEFAULT NULL,
  `municipal` varchar(20) DEFAULT NULL,
  `barangay` varchar(20) DEFAULT NULL,
  `purok` int(11) DEFAULT NULL,
  `address` varchar(200) DEFAULT NULL,
  `additionalAddressInfo` varchar(500) DEFAULT NULL,
  `city` varchar(11) DEFAULT NULL,
  `emailAddress` varchar(100) DEFAULT NULL,
  `contactNumber` varchar(20) DEFAULT NULL
) ENGINE=InnoDB DEFAULT CHARSET=utf8mb4 COLLATE=utf8mb4_general_ci;

--
-- Dumping data for table `Client`
--

INSERT INTO `Client` (`id`, `name`, `gender`, `email`, `birthdate`, `province`, `municipal`, `barangay`, `purok`, `address`, `additionalAddressInfo`, `city`, `emailAddress`, `contactNumber`) VALUES
(3, 'Full name', 'Female', 'test@email.com', '1991-12-05', '0722', NULL, '072211011', NULL, NULL, 'purok sampaguita', '072211', NULL, '091238753847'),
(8, 'Peter Griffin', 'Male', 'email2@test.com', '2023-12-05', '0722', NULL, '072211010', NULL, NULL, 'skina naay kan anan', '072211', NULL, '044545'),
(12, 'Crispoin', 'Male', 'testing@email.com', '2023-08-13', '0837', NULL, '083738007', NULL, NULL, 'esdfe', '083738', NULL, '234234'),
(13, 'Sample Client 12', 'Female', 'email3@test.com', '2023-11-28', '0722', NULL, '072221006', NULL, NULL, 'pap', '072221', NULL, '234324'),
(14, 'Shaq Manolo', 'Female', 'email4@test.com', '2023-12-14', '0722', NULL, '072211009', NULL, NULL, 'Victoe', '072211', NULL, '0234234'),
(17, 'Jeng Vierds', 'Male', 'jeng@test.com', '2011-06-23', '0722', NULL, '072211005', NULL, NULL, 'skina naay kan anan', '072211', NULL, '09090909');

-- --------------------------------------------------------

--
-- Table structure for table `DeductionCBU`
--

CREATE TABLE `DeductionCBU` (
  `Id` bigint(20) NOT NULL,
  `loanId` bigint(20) DEFAULT NULL,
  `totalCBU` decimal(18,2) DEFAULT NULL,
  `dateAdded` datetime DEFAULT NULL,
  `dateSAdded` varchar(255) DEFAULT NULL
) ENGINE=InnoDB DEFAULT CHARSET=utf8mb4 COLLATE=utf8mb4_general_ci;

--
-- Dumping data for table `DeductionCBU`
--

INSERT INTO `DeductionCBU` (`Id`, `loanId`, `totalCBU`, `dateAdded`, `dateSAdded`) VALUES
(1, 29, '250.00', '2024-01-06 22:33:16', NULL),
(2, 30, '200.00', '2023-10-09 00:00:00', NULL),
(3, 31, '100.00', '2023-03-06 00:00:00', NULL);

-- --------------------------------------------------------

--
-- Table structure for table `DeductionInsurance`
--

CREATE TABLE `DeductionInsurance` (
  `Id` bigint(20) NOT NULL,
  `loanId` bigint(20) DEFAULT NULL,
  `totalInsurance` decimal(18,2) DEFAULT NULL,
  `dateAdded` datetime DEFAULT NULL,
  `dateSAdded` varchar(255) DEFAULT NULL
) ENGINE=InnoDB DEFAULT CHARSET=utf8mb4 COLLATE=utf8mb4_general_ci;

--
-- Dumping data for table `DeductionInsurance`
--

INSERT INTO `DeductionInsurance` (`Id`, `loanId`, `totalInsurance`, `dateAdded`, `dateSAdded`) VALUES
(1, 29, '250.00', '2024-01-06 22:33:16', NULL),
(2, 30, '200.00', '2023-10-09 00:00:00', NULL),
(3, 31, '400.00', '2023-03-06 00:00:00', NULL);

-- --------------------------------------------------------

--
-- Table structure for table `Loan`
--

CREATE TABLE `Loan` (
  `Id` bigint(20) NOT NULL,
  `client_id` bigint(20) DEFAULT NULL,
  `type` varchar(255) DEFAULT NULL,
  `deductCBU` decimal(18,2) DEFAULT NULL,
  `deductInsurance` decimal(18,2) DEFAULT NULL,
  `loan_amount` decimal(18,2) DEFAULT NULL,
  `capital` decimal(18,2) DEFAULT NULL,
  `interest` decimal(18,2) DEFAULT NULL,
  `interested_amount` decimal(18,2) DEFAULT NULL,
  `loan_receivable` decimal(18,2) DEFAULT NULL,
  `no_payment` int(11) DEFAULT NULL,
  `status` varchar(255) DEFAULT NULL,
  `due_Date` datetime DEFAULT NULL,
  `total_penalty` decimal(18,2) DEFAULT 0.00,
  `added_interest` decimal(18,2) DEFAULT 0.00,
  `other_fee` decimal(18,2) DEFAULT NULL,
  `date_time` datetime DEFAULT NULL
) ENGINE=InnoDB DEFAULT CHARSET=utf8mb4 COLLATE=utf8mb4_general_ci;

--
-- Dumping data for table `Loan`
--

INSERT INTO `Loan` (`Id`, `client_id`, `type`, `deductCBU`, `deductInsurance`, `loan_amount`, `capital`, `interest`, `interested_amount`, `loan_receivable`, `no_payment`, `status`, `due_Date`, `total_penalty`, `added_interest`, `other_fee`, `date_time`) VALUES
(3, 3, 'Daily', '100.00', '100.00', '6600.00', '6000.00', '10.00', '600.00', '5700.00', 60, 'Unpaid', '2024-02-11 23:23:36', '0.00', '0.00', '100.00', '2023-12-13 23:23:35'),
(4, 8, 'Emergency', '100.00', '100.00', '11000.00', '10000.00', '10.00', '1000.00', '9700.00', 10, 'Unpaid', '2024-02-28 14:10:19', '0.00', '0.00', '100.00', '2023-12-20 14:10:19'),
(11, 14, 'Emergency', '100.00', '100.00', '1010.00', '1000.00', '1.00', '10.00', '700.00', 1, 'Unpaid', '2024-01-09 17:37:55', '0.00', '0.00', '100.00', '2024-01-02 17:37:55'),
(12, 13, 'Emergency', '100.00', '100.00', '5500.00', '5000.00', '10.00', '500.00', '4700.00', 1, 'Unpaid', '2024-01-09 18:47:52', '0.00', '0.00', '100.00', '2024-01-02 18:47:52'),
(13, 14, 'Daily', '100.00', '100.00', '5500.00', '5000.00', '10.00', '500.00', '4500.00', 10, 'Unpaid', '2024-01-12 18:52:33', '0.00', '0.00', '300.00', '2024-01-02 18:52:33'),
(15, 12, 'Emergency', '100.00', '100.00', '5500.00', '5000.00', '10.00', '500.00', '4700.00', 1, 'Unpaid', '2024-01-09 19:07:20', '0.00', '0.00', '100.00', '2024-01-02 19:07:20'),
(17, 13, 'Emergency', '100.00', '100.00', '13200.00', '12000.00', '10.00', '1200.00', '11700.00', 30, 'Unpaid', '2024-07-31 09:29:01', '0.00', '0.00', '100.00', '2024-01-03 09:29:01'),
(19, 3, 'Emergency', '100.00', '100.00', '11000.00', '10000.00', '10.00', '1000.00', '9700.00', 10, 'Unpaid', '2024-03-13 09:52:16', '0.00', '0.00', '100.00', '2024-01-03 09:52:13'),
(21, 13, 'Daily', '100.00', '100.00', '11000.00', '10000.00', '10.00', '1000.00', '8800.00', 10, 'Unpaid', '2024-01-13 12:13:12', '0.00', '0.00', '1000.00', '2024-01-03 12:13:12'),
(25, 12, 'Others', '100.00', '100.00', '7700.00', '7000.00', '10.00', '700.00', '6700.00', 10, 'Unpaid', '2024-11-03 12:17:06', '0.00', '0.00', '100.00', '2024-01-03 12:17:06'),
(28, 14, 'PO Cash', '100.00', '100.00', '5500.00', '5000.00', '10.00', '500.00', '4700.00', 2, 'Unpaid', '2024-02-02 12:26:38', '0.00', '0.00', '100.00', '2024-01-03 12:26:38'),
(30, 14, 'Daily', '200.00', '200.00', '11000.00', '10000.00', '10.00', '1000.00', '9400.00', 5, 'Unpaid', '2023-10-14 00:00:00', '0.00', '0.00', '200.00', '2023-10-09 00:00:00'),
(31, 17, 'Daily', '100.00', '400.00', '8800.00', '8000.00', '10.00', '800.00', '7300.00', 20, 'Paid', '2023-03-26 00:00:00', '1000.00', '0.00', '200.00', '2023-03-06 00:00:00');

-- --------------------------------------------------------

--
-- Table structure for table `Schedule`
--

CREATE TABLE `Schedule` (
  `Id` bigint(20) NOT NULL,
  `loan_id` bigint(20) DEFAULT NULL,
  `collectables` decimal(18,2) DEFAULT NULL,
  `date` datetime DEFAULT NULL,
  `status` varchar(255) DEFAULT NULL
) ENGINE=InnoDB DEFAULT CHARSET=utf8mb4 COLLATE=utf8mb4_general_ci;

--
-- Dumping data for table `Schedule`
--

INSERT INTO `Schedule` (`Id`, `loan_id`, `collectables`, `date`, `status`) VALUES
(1, 3, '110.00', '2023-12-14 23:24:31', 'Paid'),
(2, 3, '110.00', '2023-12-15 23:24:31', 'Paid'),
(3, 3, '110.00', '2023-12-16 23:24:31', 'Paid'),
(4, 3, '110.00', '2023-12-17 23:24:31', 'Paid'),
(5, 3, '110.00', '2023-12-18 23:24:31', 'Paid'),
(6, 3, '110.00', '2023-12-19 23:24:31', 'Paid'),
(7, 3, '110.00', '2023-12-20 23:24:31', 'Paid'),
(8, 3, '110.00', '2023-12-21 23:24:31', 'Paid'),
(9, 3, '110.00', '2023-12-22 23:24:31', 'Paid'),
(10, 3, '110.00', '2023-12-23 23:24:31', 'Paid'),
(11, 3, '110.00', '2023-12-24 23:24:31', 'Paid'),
(12, 3, '110.00', '2023-12-25 23:24:31', 'Paid'),
(13, 3, '110.00', '2023-12-26 23:24:31', 'Paid'),
(14, 3, '110.00', '2023-12-27 23:24:31', 'Paid'),
(15, 3, '110.00', '2023-12-28 23:24:31', 'Unpaid'),
(16, 3, '110.00', '2023-12-29 23:24:31', 'Unpaid'),
(17, 3, '110.00', '2023-12-30 23:24:31', 'Unpaid'),
(18, 3, '110.00', '2023-12-31 23:24:31', 'Unpaid'),
(19, 3, '110.00', '2024-01-01 23:24:31', 'Unpaid'),
(20, 3, '110.00', '2024-01-02 23:24:31', 'Unpaid'),
(21, 3, '110.00', '2024-01-03 23:24:31', 'Unpaid'),
(22, 3, '110.00', '2024-01-04 23:24:31', 'Unpaid'),
(23, 3, '110.00', '2024-01-05 23:24:31', 'Unpaid'),
(24, 3, '110.00', '2024-01-06 23:24:31', 'Unpaid'),
(25, 3, '110.00', '2024-01-07 23:24:31', 'Unpaid'),
(26, 3, '110.00', '2024-01-08 23:24:31', 'Unpaid'),
(27, 3, '110.00', '2024-01-09 23:24:31', 'Unpaid'),
(28, 3, '110.00', '2024-01-10 23:24:31', 'Unpaid'),
(29, 3, '110.00', '2024-01-11 23:24:31', 'Unpaid'),
(30, 3, '110.00', '2024-01-12 23:24:31', 'Unpaid'),
(31, 3, '110.00', '2024-01-13 23:24:31', 'Unpaid'),
(32, 3, '110.00', '2024-01-14 23:24:31', 'Unpaid'),
(33, 3, '110.00', '2024-01-15 23:24:31', 'Unpaid'),
(34, 3, '110.00', '2024-01-16 23:24:31', 'Unpaid'),
(35, 3, '110.00', '2024-01-17 23:24:31', 'Unpaid'),
(36, 3, '110.00', '2024-01-18 23:24:31', 'Unpaid'),
(37, 3, '110.00', '2024-01-19 23:24:31', 'Unpaid'),
(38, 3, '110.00', '2024-01-20 23:24:31', 'Unpaid'),
(39, 3, '110.00', '2024-01-21 23:24:31', 'Unpaid'),
(40, 3, '110.00', '2024-01-22 23:24:31', 'Unpaid'),
(41, 3, '110.00', '2024-01-23 23:24:31', 'Unpaid'),
(42, 3, '110.00', '2024-01-24 23:24:31', 'Unpaid'),
(43, 3, '110.00', '2024-01-25 23:24:31', 'Unpaid'),
(44, 3, '110.00', '2024-01-26 23:24:31', 'Unpaid'),
(45, 3, '110.00', '2024-01-27 23:24:31', 'Unpaid'),
(46, 3, '110.00', '2024-01-28 23:24:31', 'Unpaid'),
(47, 3, '110.00', '2024-01-29 23:24:31', 'Unpaid'),
(48, 3, '110.00', '2024-01-30 23:24:31', 'Unpaid'),
(49, 3, '110.00', '2024-01-31 23:24:31', 'Unpaid'),
(50, 3, '110.00', '2024-02-01 23:24:31', 'Unpaid'),
(51, 3, '110.00', '2024-02-02 23:24:31', 'Unpaid'),
(52, 3, '110.00', '2024-02-03 23:24:31', 'Unpaid'),
(53, 3, '110.00', '2024-02-04 23:24:31', 'Unpaid'),
(54, 3, '110.00', '2024-02-05 23:24:31', 'Unpaid'),
(55, 3, '110.00', '2024-02-06 23:24:31', 'Unpaid'),
(56, 3, '110.00', '2024-02-07 23:24:31', 'Unpaid'),
(57, 3, '110.00', '2024-02-08 23:24:31', 'Unpaid'),
(58, 3, '110.00', '2024-02-09 23:24:31', 'Unpaid'),
(59, 3, '110.00', '2024-02-10 23:24:31', 'Unpaid'),
(60, 3, '110.00', '2024-02-11 23:24:31', 'Unpaid'),
(61, 4, '1100.00', '2023-12-27 14:10:19', 'Paid'),
(62, 4, '1100.00', '2024-01-03 14:10:19', 'Paid'),
(63, 4, '1100.00', '2024-01-10 14:10:19', 'Paid'),
(64, 4, '1100.00', '2024-01-17 14:10:19', 'Unpaid'),
(65, 4, '1100.00', '2024-01-24 14:10:19', 'Unpaid'),
(66, 4, '1100.00', '2024-01-31 14:10:19', 'Unpaid'),
(67, 4, '1100.00', '2024-02-07 14:10:19', 'Unpaid'),
(68, 4, '1100.00', '2024-02-14 14:10:19', 'Unpaid'),
(69, 4, '1100.00', '2024-02-21 14:10:19', 'Unpaid'),
(70, 4, '1100.00', '2024-02-28 14:10:19', 'Unpaid'),
(71, 7, '575.00', '2024-01-03 22:54:24', 'Unpaid'),
(72, 7, '575.00', '2024-01-10 22:54:24', 'Unpaid'),
(73, 7, '575.00', '2024-01-17 22:54:24', 'Unpaid'),
(74, 7, '575.00', '2024-01-24 22:54:24', 'Unpaid'),
(75, 7, '575.00', '2024-01-31 22:54:24', 'Unpaid'),
(76, 7, '575.00', '2024-02-07 22:54:24', 'Unpaid'),
(77, 7, '575.00', '2024-02-14 22:54:24', 'Unpaid'),
(78, 7, '575.00', '2024-02-21 22:54:24', 'Unpaid'),
(79, 7, '575.00', '2024-02-28 22:54:24', 'Unpaid'),
(80, 7, '575.00', '2024-03-06 22:54:24', 'Unpaid'),
(81, 7, '575.00', '2024-03-13 22:54:24', 'Unpaid'),
(82, 7, '575.00', '2024-03-20 22:54:24', 'Unpaid'),
(83, 7, '575.00', '2024-03-27 22:54:24', 'Unpaid'),
(84, 7, '575.00', '2024-04-03 22:54:24', 'Unpaid'),
(85, 7, '575.00', '2024-04-10 22:54:24', 'Unpaid'),
(86, 7, '575.00', '2024-04-17 22:54:24', 'Unpaid'),
(87, 7, '575.00', '2024-04-24 22:54:24', 'Unpaid'),
(88, 7, '575.00', '2024-05-01 22:54:24', 'Unpaid'),
(89, 7, '575.00', '2024-05-08 22:54:24', 'Unpaid'),
(90, 7, '575.00', '2024-05-15 22:54:24', 'Unpaid'),
(91, 9, '66.00', '2024-01-03 17:28:27', 'Unpaid'),
(92, 9, '66.00', '2024-01-04 17:28:27', 'Unpaid'),
(93, 9, '66.00', '2024-01-05 17:28:27', 'Unpaid'),
(94, 9, '66.00', '2024-01-06 17:28:27', 'Unpaid'),
(95, 9, '66.00', '2024-01-07 17:28:27', 'Unpaid'),
(96, 9, '66.00', '2024-01-08 17:28:27', 'Unpaid'),
(97, 9, '66.00', '2024-01-09 17:28:27', 'Unpaid'),
(98, 9, '66.00', '2024-01-10 17:28:27', 'Unpaid'),
(99, 9, '66.00', '2024-01-11 17:28:27', 'Unpaid'),
(100, 9, '66.00', '2024-01-12 17:28:27', 'Unpaid'),
(101, 9, '66.00', '2024-01-13 17:28:27', 'Unpaid'),
(102, 9, '66.00', '2024-01-14 17:28:27', 'Unpaid'),
(103, 9, '66.00', '2024-01-15 17:28:27', 'Unpaid'),
(104, 9, '66.00', '2024-01-16 17:28:27', 'Unpaid'),
(105, 9, '66.00', '2024-01-17 17:28:27', 'Unpaid'),
(106, 9, '66.00', '2024-01-18 17:28:27', 'Unpaid'),
(107, 9, '66.00', '2024-01-19 17:28:27', 'Unpaid'),
(108, 9, '66.00', '2024-01-20 17:28:27', 'Unpaid'),
(109, 9, '66.00', '2024-01-21 17:28:27', 'Unpaid'),
(110, 9, '66.00', '2024-01-22 17:28:27', 'Unpaid'),
(111, 9, '66.00', '2024-01-23 17:28:27', 'Unpaid'),
(112, 9, '66.00', '2024-01-24 17:28:27', 'Unpaid'),
(113, 9, '66.00', '2024-01-25 17:28:27', 'Unpaid'),
(114, 9, '66.00', '2024-01-26 17:28:27', 'Unpaid'),
(115, 9, '66.00', '2024-01-27 17:28:27', 'Unpaid'),
(116, 9, '66.00', '2024-01-28 17:28:27', 'Unpaid'),
(117, 9, '66.00', '2024-01-29 17:28:27', 'Unpaid'),
(118, 9, '66.00', '2024-01-30 17:28:27', 'Unpaid'),
(119, 9, '66.00', '2024-01-31 17:28:27', 'Unpaid'),
(120, 9, '66.00', '2024-02-01 17:28:27', 'Unpaid'),
(121, 9, '66.00', '2024-02-02 17:28:27', 'Unpaid'),
(122, 9, '66.00', '2024-02-03 17:28:27', 'Unpaid'),
(123, 9, '66.00', '2024-02-04 17:28:27', 'Unpaid'),
(124, 9, '66.00', '2024-02-05 17:28:27', 'Unpaid'),
(125, 9, '66.00', '2024-02-06 17:28:27', 'Unpaid'),
(126, 9, '66.00', '2024-02-07 17:28:27', 'Unpaid'),
(127, 9, '66.00', '2024-02-08 17:28:27', 'Unpaid'),
(128, 9, '66.00', '2024-02-09 17:28:27', 'Unpaid'),
(129, 9, '66.00', '2024-02-10 17:28:27', 'Unpaid'),
(130, 9, '66.00', '2024-02-11 17:28:27', 'Unpaid'),
(131, 9, '66.00', '2024-02-12 17:28:27', 'Unpaid'),
(132, 9, '66.00', '2024-02-13 17:28:27', 'Unpaid'),
(133, 9, '66.00', '2024-02-14 17:28:27', 'Unpaid'),
(134, 9, '66.00', '2024-02-15 17:28:27', 'Unpaid'),
(135, 9, '66.00', '2024-02-16 17:28:27', 'Unpaid'),
(136, 9, '66.00', '2024-02-17 17:28:27', 'Unpaid'),
(137, 9, '66.00', '2024-02-18 17:28:27', 'Unpaid'),
(138, 9, '66.00', '2024-02-19 17:28:27', 'Unpaid'),
(139, 9, '66.00', '2024-02-20 17:28:27', 'Unpaid'),
(140, 9, '66.00', '2024-02-21 17:28:27', 'Unpaid'),
(141, 9, '66.00', '2024-02-22 17:28:27', 'Unpaid'),
(142, 9, '66.00', '2024-02-23 17:28:27', 'Unpaid'),
(143, 9, '66.00', '2024-02-24 17:28:27', 'Unpaid'),
(144, 9, '66.00', '2024-02-25 17:28:27', 'Unpaid'),
(145, 9, '66.00', '2024-02-26 17:28:27', 'Unpaid'),
(146, 9, '66.00', '2024-02-27 17:28:27', 'Unpaid'),
(147, 9, '66.00', '2024-02-28 17:28:27', 'Unpaid'),
(148, 9, '66.00', '2024-02-29 17:28:27', 'Unpaid'),
(149, 9, '66.00', '2024-03-01 17:28:27', 'Unpaid'),
(150, 9, '66.00', '2024-03-02 17:28:27', 'Unpaid'),
(151, 9, '66.00', '2024-03-03 17:28:27', 'Unpaid'),
(152, 9, '66.00', '2024-03-04 17:28:27', 'Unpaid'),
(153, 9, '66.00', '2024-03-05 17:28:27', 'Unpaid'),
(154, 9, '66.00', '2024-03-06 17:28:27', 'Unpaid'),
(155, 9, '66.00', '2024-03-07 17:28:27', 'Unpaid'),
(156, 9, '66.00', '2024-03-08 17:28:27', 'Unpaid'),
(157, 9, '66.00', '2024-03-09 17:28:27', 'Unpaid'),
(158, 9, '66.00', '2024-03-10 17:28:27', 'Unpaid'),
(159, 9, '66.00', '2024-03-11 17:28:27', 'Unpaid'),
(160, 9, '66.00', '2024-03-12 17:28:27', 'Unpaid'),
(161, 9, '66.00', '2024-03-13 17:28:27', 'Unpaid'),
(162, 9, '66.00', '2024-03-14 17:28:27', 'Unpaid'),
(163, 9, '66.00', '2024-03-15 17:28:27', 'Unpaid'),
(164, 9, '66.00', '2024-03-16 17:28:27', 'Unpaid'),
(165, 9, '66.00', '2024-03-17 17:28:27', 'Unpaid'),
(166, 9, '66.00', '2024-03-18 17:28:27', 'Unpaid'),
(167, 9, '66.00', '2024-03-19 17:28:27', 'Unpaid'),
(168, 9, '66.00', '2024-03-20 17:28:27', 'Unpaid'),
(169, 9, '66.00', '2024-03-21 17:28:27', 'Unpaid'),
(170, 9, '66.00', '2024-03-22 17:28:27', 'Unpaid'),
(171, 9, '66.00', '2024-03-23 17:28:27', 'Unpaid'),
(172, 9, '66.00', '2024-03-24 17:28:27', 'Unpaid'),
(173, 9, '66.00', '2024-03-25 17:28:27', 'Unpaid'),
(174, 9, '66.00', '2024-03-26 17:28:27', 'Unpaid'),
(175, 9, '66.00', '2024-03-27 17:28:27', 'Unpaid'),
(176, 9, '66.00', '2024-03-28 17:28:27', 'Unpaid'),
(177, 9, '66.00', '2024-03-29 17:28:27', 'Unpaid'),
(178, 9, '66.00', '2024-03-30 17:28:27', 'Unpaid'),
(179, 9, '66.00', '2024-03-31 17:28:27', 'Unpaid'),
(180, 9, '66.00', '2024-04-01 17:28:27', 'Unpaid'),
(181, 9, '66.00', '2024-04-02 17:28:27', 'Unpaid'),
(182, 9, '66.00', '2024-04-03 17:28:27', 'Unpaid'),
(183, 9, '66.00', '2024-04-04 17:28:27', 'Unpaid'),
(184, 9, '66.00', '2024-04-05 17:28:27', 'Unpaid'),
(185, 9, '66.00', '2024-04-06 17:28:27', 'Unpaid'),
(186, 9, '66.00', '2024-04-07 17:28:27', 'Unpaid'),
(187, 9, '66.00', '2024-04-08 17:28:27', 'Unpaid'),
(188, 9, '66.00', '2024-04-09 17:28:27', 'Unpaid'),
(189, 9, '66.00', '2024-04-10 17:28:27', 'Unpaid'),
(190, 9, '66.00', '2024-04-11 17:28:27', 'Unpaid'),
(191, 11, '1010.00', '2024-01-09 17:37:55', 'Unpaid'),
(192, 12, '5500.00', '2024-01-09 18:47:52', 'Unpaid'),
(193, 13, '550.00', '2024-01-03 18:52:33', 'Unpaid'),
(194, 13, '550.00', '2024-01-04 18:52:33', 'Unpaid'),
(195, 13, '550.00', '2024-01-05 18:52:33', 'Unpaid'),
(196, 13, '550.00', '2024-01-06 18:52:33', 'Unpaid'),
(197, 13, '550.00', '2024-01-07 18:52:33', 'Unpaid'),
(198, 13, '550.00', '2024-01-08 18:52:33', 'Unpaid'),
(199, 13, '550.00', '2024-01-09 18:52:33', 'Unpaid'),
(200, 13, '550.00', '2024-01-10 18:52:33', 'Unpaid'),
(201, 13, '550.00', '2024-01-11 18:52:33', 'Unpaid'),
(202, 13, '550.00', '2024-01-12 18:52:33', 'Unpaid'),
(203, 15, '5500.00', '2024-01-09 19:07:20', 'Unpaid'),
(204, 17, '440.00', '2024-01-10 09:29:01', 'Unpaid'),
(205, 17, '440.00', '2024-01-17 09:29:01', 'Unpaid'),
(206, 17, '440.00', '2024-01-24 09:29:01', 'Unpaid'),
(207, 17, '440.00', '2024-01-31 09:29:01', 'Unpaid'),
(208, 17, '440.00', '2024-02-07 09:29:01', 'Unpaid'),
(209, 17, '440.00', '2024-02-14 09:29:01', 'Unpaid'),
(210, 17, '440.00', '2024-02-21 09:29:01', 'Unpaid'),
(211, 17, '440.00', '2024-02-28 09:29:01', 'Unpaid'),
(212, 17, '440.00', '2024-03-06 09:29:01', 'Unpaid'),
(213, 17, '440.00', '2024-03-13 09:29:01', 'Unpaid'),
(214, 17, '440.00', '2024-03-20 09:29:01', 'Unpaid'),
(215, 17, '440.00', '2024-03-27 09:29:01', 'Unpaid'),
(216, 17, '440.00', '2024-04-03 09:29:01', 'Unpaid'),
(217, 17, '440.00', '2024-04-10 09:29:01', 'Unpaid'),
(218, 17, '440.00', '2024-04-17 09:29:01', 'Unpaid'),
(219, 17, '440.00', '2024-04-24 09:29:01', 'Unpaid'),
(220, 17, '440.00', '2024-05-01 09:29:01', 'Unpaid'),
(221, 17, '440.00', '2024-05-08 09:29:01', 'Unpaid'),
(222, 17, '440.00', '2024-05-15 09:29:01', 'Unpaid'),
(223, 17, '440.00', '2024-05-22 09:29:01', 'Unpaid'),
(224, 17, '440.00', '2024-05-29 09:29:01', 'Unpaid'),
(225, 17, '440.00', '2024-06-05 09:29:01', 'Unpaid'),
(226, 17, '440.00', '2024-06-12 09:29:01', 'Unpaid'),
(227, 17, '440.00', '2024-06-19 09:29:01', 'Unpaid'),
(228, 17, '440.00', '2024-06-26 09:29:01', 'Unpaid'),
(229, 17, '440.00', '2024-07-03 09:29:01', 'Unpaid'),
(230, 17, '440.00', '2024-07-10 09:29:01', 'Unpaid'),
(231, 17, '440.00', '2024-07-17 09:29:01', 'Unpaid'),
(232, 17, '440.00', '2024-07-24 09:29:01', 'Unpaid'),
(233, 17, '440.00', '2024-07-31 09:29:01', 'Unpaid'),
(234, 19, '1100.00', '2024-01-10 09:52:54', 'Unpaid'),
(235, 19, '1100.00', '2024-01-17 09:53:03', 'Unpaid'),
(236, 19, '1100.00', '2024-01-24 09:53:03', 'Unpaid'),
(237, 19, '1100.00', '2024-01-31 09:53:03', 'Unpaid'),
(238, 19, '1100.00', '2024-02-07 09:53:03', 'Unpaid'),
(239, 19, '1100.00', '2024-02-14 09:53:03', 'Unpaid'),
(240, 19, '1100.00', '2024-02-21 09:53:03', 'Unpaid'),
(241, 19, '1100.00', '2024-02-28 09:53:03', 'Unpaid'),
(242, 19, '1100.00', '2024-03-06 09:53:03', 'Unpaid'),
(243, 19, '1100.00', '2024-03-13 09:53:03', 'Unpaid'),
(244, 21, '1100.00', '2024-01-04 12:13:12', 'Unpaid'),
(245, 21, '1100.00', '2024-01-05 12:13:12', 'Unpaid'),
(246, 21, '1100.00', '2024-01-06 12:13:12', 'Unpaid'),
(247, 21, '1100.00', '2024-01-07 12:13:12', 'Unpaid'),
(248, 21, '1100.00', '2024-01-08 12:13:12', 'Unpaid'),
(249, 21, '1100.00', '2024-01-09 12:13:12', 'Unpaid'),
(250, 21, '1100.00', '2024-01-10 12:13:12', 'Unpaid'),
(251, 21, '1100.00', '2024-01-11 12:13:12', 'Unpaid'),
(252, 21, '1100.00', '2024-01-12 12:13:12', 'Unpaid'),
(253, 21, '1100.00', '2024-01-13 12:13:12', 'Unpaid'),
(254, 25, '770.00', '2024-02-03 12:17:06', 'Unpaid'),
(255, 25, '770.00', '2024-03-03 12:17:06', 'Unpaid'),
(256, 25, '770.00', '2024-04-03 12:17:06', 'Unpaid'),
(257, 25, '770.00', '2024-05-03 12:17:06', 'Unpaid'),
(258, 25, '770.00', '2024-06-03 12:17:06', 'Unpaid'),
(259, 25, '770.00', '2024-07-03 12:17:06', 'Unpaid'),
(260, 25, '770.00', '2024-08-03 12:17:06', 'Unpaid'),
(261, 25, '770.00', '2024-09-03 12:17:06', 'Unpaid'),
(262, 25, '770.00', '2024-10-03 12:17:06', 'Unpaid'),
(263, 25, '770.00', '2024-11-03 12:17:06', 'Unpaid'),
(264, 28, '2750.00', '2024-01-18 12:26:38', 'Unpaid'),
(265, 28, '2750.00', '2024-02-02 12:26:38', 'Unpaid'),
(266, 29, '1100.00', '2024-02-06 22:33:16', 'Unpaid'),
(267, 29, '1100.00', '2024-03-06 22:33:16', 'Unpaid'),
(268, 29, '1100.00', '2024-04-06 22:33:16', 'Unpaid'),
(269, 29, '1100.00', '2024-05-06 22:33:16', 'Unpaid'),
(270, 29, '1100.00', '2024-06-06 22:33:16', 'Unpaid'),
(271, 29, '1100.00', '2024-07-06 22:33:16', 'Unpaid'),
(272, 29, '1100.00', '2024-08-06 22:33:16', 'Unpaid'),
(273, 29, '1100.00', '2024-09-06 22:33:16', 'Unpaid'),
(274, 29, '1100.00', '2024-10-06 22:33:16', 'Unpaid'),
(275, 29, '1100.00', '2024-11-06 22:33:16', 'Unpaid'),
(276, 30, '2200.00', '2023-10-10 00:00:00', 'Unpaid'),
(277, 30, '2200.00', '2023-10-11 00:00:00', 'Unpaid'),
(278, 30, '2200.00', '2023-10-12 00:00:00', 'Unpaid'),
(279, 30, '2200.00', '2023-10-13 00:00:00', 'Unpaid'),
(280, 30, '2200.00', '2023-10-14 00:00:00', 'Unpaid'),
(281, 31, '440.00', '2023-03-07 00:00:00', 'Paid'),
(282, 31, '440.00', '2023-03-08 00:00:00', 'Unpaid'),
(283, 31, '440.00', '2023-03-09 00:00:00', 'Unpaid'),
(284, 31, '440.00', '2023-03-10 00:00:00', 'Unpaid'),
(285, 31, '440.00', '2023-03-11 00:00:00', 'Unpaid'),
(286, 31, '440.00', '2023-03-12 00:00:00', 'Unpaid'),
(287, 31, '440.00', '2023-03-13 00:00:00', 'Unpaid'),
(288, 31, '440.00', '2023-03-14 00:00:00', 'Unpaid'),
(289, 31, '440.00', '2023-03-15 00:00:00', 'Unpaid'),
(290, 31, '440.00', '2023-03-16 00:00:00', 'Unpaid'),
(291, 31, '440.00', '2023-03-17 00:00:00', 'Unpaid'),
(292, 31, '440.00', '2023-03-18 00:00:00', 'Unpaid'),
(293, 31, '440.00', '2023-03-19 00:00:00', 'Unpaid'),
(294, 31, '440.00', '2023-03-20 00:00:00', 'Unpaid'),
(295, 31, '440.00', '2023-03-21 00:00:00', 'Unpaid'),
(296, 31, '440.00', '2023-03-22 00:00:00', 'Unpaid'),
(297, 31, '440.00', '2023-03-23 00:00:00', 'Unpaid'),
(298, 31, '440.00', '2023-03-24 00:00:00', 'Unpaid'),
(299, 31, '440.00', '2023-03-25 00:00:00', 'Unpaid'),
(300, 31, '440.00', '2023-03-26 00:00:00', 'Unpaid');

-- --------------------------------------------------------

--
-- Table structure for table `Transaction`
--

CREATE TABLE `Transaction` (
  `trans_id` bigint(20) NOT NULL,
  `amount` decimal(18,2) DEFAULT NULL,
  `payment_date` varchar(255) DEFAULT NULL,
  `added_by` varchar(255) DEFAULT NULL,
  `client_id` bigint(20) DEFAULT NULL,
  `schedule_id` bigint(20) DEFAULT NULL,
  `loan_id` bigint(20) DEFAULT NULL
) ENGINE=InnoDB DEFAULT CHARSET=utf8mb4 COLLATE=utf8mb4_general_ci;

--
-- Dumping data for table `Transaction`
--

INSERT INTO `Transaction` (`trans_id`, `amount`, `payment_date`, `added_by`, `client_id`, `schedule_id`, `loan_id`) VALUES
(1, '110.00', '12/30/2023', NULL, 3, 1, 3),
(2, '110.00', '12/30/2023', NULL, 3, 2, 3),
(3, '110.00', '12/30/2023', NULL, 3, 3, 3),
(4, '110.00', '12/30/2023', NULL, 3, 4, 3),
(5, '110.00', '12/30/2023', NULL, 3, 5, 3),
(6, '100.00', '12/30/2023', NULL, 3, 7, 3),
(7, '110.00', '12/30/2023', NULL, 3, 12, 3),
(8, '110.00', '12/30/2023', NULL, 3, 13, 3),
(9, '110.00', '12/30/2023', NULL, 3, 6, 3),
(10, '10.00', '12/30/2023', NULL, 3, 7, 3),
(11, '110.00', '12/30/2023', NULL, 3, 8, 3),
(12, '110.00', '12/30/2023', NULL, 3, 9, 3),
(13, '110.00', '12/30/2023', NULL, 3, 10, 3),
(14, '110.00', '12/30/2023', NULL, 3, 11, 3),
(15, '10.00', '12/30/2023', NULL, 3, 14, 3),
(16, '100.00', '12/31/2023', NULL, 3, 14, 3),
(17, '1100.00', '1/2/2024', NULL, 8, 61, 4),
(18, '100.00', '1/7/2024', NULL, 8, 62, 4),
(19, '1000.00', '1/7/2024', NULL, 8, 62, 4),
(20, '100.00', '1/7/2024', NULL, 8, 63, 4),
(21, '1000.00', '1/7/2024', NULL, 8, 63, 4),
(22, '440.00', '1/7/2024', NULL, 17, 281, 31),
(23, '1000.00', '1/8/2024', NULL, NULL, NULL, 31),
(24, '1000.00', '1/8/2024', NULL, NULL, NULL, 31),
(25, '1000.00', '1/8/2024', NULL, NULL, NULL, 31),
(26, '6360.00', '1/8/2024', NULL, NULL, NULL, 31);

-- --------------------------------------------------------

--
-- Table structure for table `Usertype`
--

CREATE TABLE `Usertype` (
  `Id` int(11) NOT NULL,
  `Type` varchar(10) NOT NULL
) ENGINE=InnoDB DEFAULT CHARSET=utf8mb4 COLLATE=utf8mb4_general_ci;

--
-- Dumping data for table `Usertype`
--

INSERT INTO `Usertype` (`Id`, `Type`) VALUES
(1, 'Admin'),
(2, 'Secretary');

--
-- Indexes for dumped tables
--

--
-- Indexes for table `AppUsers`
--
ALTER TABLE `AppUsers`
  ADD PRIMARY KEY (`Id`);

--
-- Indexes for table `Client`
--
ALTER TABLE `Client`
  ADD PRIMARY KEY (`id`);

--
-- Indexes for table `DeductionCBU`
--
ALTER TABLE `DeductionCBU`
  ADD PRIMARY KEY (`Id`);

--
-- Indexes for table `DeductionInsurance`
--
ALTER TABLE `DeductionInsurance`
  ADD PRIMARY KEY (`Id`);

--
-- Indexes for table `Loan`
--
ALTER TABLE `Loan`
  ADD PRIMARY KEY (`Id`);

--
-- Indexes for table `Schedule`
--
ALTER TABLE `Schedule`
  ADD PRIMARY KEY (`Id`);

--
-- Indexes for table `Transaction`
--
ALTER TABLE `Transaction`
  ADD PRIMARY KEY (`trans_id`);

--
-- Indexes for table `Usertype`
--
ALTER TABLE `Usertype`
  ADD PRIMARY KEY (`Id`);

--
-- AUTO_INCREMENT for dumped tables
--

--
-- AUTO_INCREMENT for table `AppUsers`
--
ALTER TABLE `AppUsers`
  MODIFY `Id` int(11) NOT NULL AUTO_INCREMENT, AUTO_INCREMENT=3;

--
-- AUTO_INCREMENT for table `Client`
--
ALTER TABLE `Client`
  MODIFY `id` bigint(20) NOT NULL AUTO_INCREMENT, AUTO_INCREMENT=18;

--
-- AUTO_INCREMENT for table `DeductionCBU`
--
ALTER TABLE `DeductionCBU`
  MODIFY `Id` bigint(20) NOT NULL AUTO_INCREMENT, AUTO_INCREMENT=4;

--
-- AUTO_INCREMENT for table `DeductionInsurance`
--
ALTER TABLE `DeductionInsurance`
  MODIFY `Id` bigint(20) NOT NULL AUTO_INCREMENT, AUTO_INCREMENT=4;

--
-- AUTO_INCREMENT for table `Loan`
--
ALTER TABLE `Loan`
  MODIFY `Id` bigint(20) NOT NULL AUTO_INCREMENT, AUTO_INCREMENT=32;

--
-- AUTO_INCREMENT for table `Schedule`
--
ALTER TABLE `Schedule`
  MODIFY `Id` bigint(20) NOT NULL AUTO_INCREMENT, AUTO_INCREMENT=301;

--
-- AUTO_INCREMENT for table `Transaction`
--
ALTER TABLE `Transaction`
  MODIFY `trans_id` bigint(20) NOT NULL AUTO_INCREMENT, AUTO_INCREMENT=27;

--
-- AUTO_INCREMENT for table `Usertype`
--
ALTER TABLE `Usertype`
  MODIFY `Id` int(11) NOT NULL AUTO_INCREMENT, AUTO_INCREMENT=3;
COMMIT;

/*!40101 SET CHARACTER_SET_CLIENT=@OLD_CHARACTER_SET_CLIENT */;
/*!40101 SET CHARACTER_SET_RESULTS=@OLD_CHARACTER_SET_RESULTS */;
/*!40101 SET COLLATION_CONNECTION=@OLD_COLLATION_CONNECTION */;
